stock_code,bf_price,tr_price,D-5,D-4,D-3,D-2,D-1,D-day
260660,7830,8599,508967,1510701,383465,190690,2999561,7971137
114450,6880,7380,9614355,1349265,1154676,8135306,5500002,7226351
052670,2487,2881,1614311,1881342,974744,942398,3580814,25005590
246720,7760,8020,6383,13511,9833,234641,1309661,4124096
063440,2365,2670,13797257,27005706,12792109,17221417,14311347,29449419
063440,2365,2670,13797257,27005706,12792109,17221417,14311347,29449419
026910,4110,4520,175661,197354,140197,252218,4014985,3350280
063440,2365,2670,13797257,27005706,12792109,17221417,14311347,29449419
063440,2365,2670,13797257,27005706,12792109,17221417,14311347,29449419
297570,1217,1277,157407,78628,88083,108584,82909,8108428
057540,1730,1935,124634,175483,119885,808906,610371,6315691
060240,6500,7010,144972,422961,197476,119718,2086592,6157418
137940,1465,1500,154314,185807,149235,511344,1012545,7624735
000145,18100,19050,39368,20059,16495,11058,42064,53871
037230,2080,2280,169982,961280,101946,112762,96907,6432404
086060,5920,6080,191311,486740,7688900,7698417,10014865,17227077
033180,6501,6713,11165426,10567765,7921411,64176728,18368452,82940959
001210,2260,2350,101513,74861,61566,55607,154692,3059044
033180,6501,6713,11165426,10567765,7921411,64176728,18368452,82940959
033180,6501,6713,11165426,10567765,7921411,64176728,18368452,82940959
033180,6501,6713,11165426,10567765,7921411,64176728,18368452,82940959
001140,3550,3680,2439125,1386234,1174799,636299,1330216,10395018
033180,8448,9033,10567765,7921411,64176728,18368452,82940959,62400351
033180,8448,9033,10567765,7921411,64176728,18368452,82940959,62400351
033180,8448,9033,10567765,7921411,64176728,18368452,82940959,62400351
033180,8448,9033,10567765,7921411,64176728,18368452,82940959,62400351
300080,22000,23800,174276,151038,213067,128357,279690,1208900
042040,1160,1205,564805,602045,2170455,2305449,25209605,53666978
033180,8300,8447,7921411,64176728,18368452,82940959,62400351,39550507
033180,8300,8447,7921411,64176728,18368452,82940959,62400351,39550507
033180,8300,8447,7921411,64176728,18368452,82940959,62400351,39550507
033180,8300,8447,7921411,64176728,18368452,82940959,62400351,39550507
121800,12250,13100,2240948,2939200,0,420258,9858253,8751038
222810,2285,2507,176476,123216,82752,84783,2609464,5007053
060370,3075,3250,26407,12340,165299,231768,71058,7575574
019770,3000,3410,61111,92580,117592,122070,472355,4702410
260660,10558,10717,12699560,13775949,2193498,8819986,4650822,3478676
123690,8490,9040,185342,118299,134987,103010,70178,1853792
900340,2030,2370,337552,396992,8080710,1070881,1086306,24299334
058450,1827,1905,399609,5654794,4301412,1115490,411273,4647892
037560,6600,6970,377709,440014,570140,304637,647312,2841769
182360,9816,11282,253740,298370,148459,797279,5680030,3822070
020000,31500,33000,45597,45494,181037,84911,114090,258442
072130,4520,4900,38902,32278,39316,654304,1455215,6824041
099220,2550,2635,11425061,11657051,6320471,5615519,35616369,11315930
018680,7894,8148,122496,56970,26184,16467,19294,2949187
174880,12250,13225,283088,200162,215362,124929,329537,4367721
089150,2350,2515,40355,26299,46014,21141,556948,3905280
072520,6510,7010,228048,253321,283148,139107,148655,1873360
031820,1123,1148,620893,1926104,761989,909643,1171542,103194370
046940,6400,6590,4442889,552365,780157,1247603,1929704,9858753
097780,3636,3922,2083017,4887555,1028838,664309,5388475,10359270
063160,28459,30413,27971,22760,63806,24899,55148,402842
014200,2395,2470,100572,188105,73124,186929,116271,465976
065950,3785,3905,412853,233755,288918,201212,576018,6616759
033180,7799,8300,24835468,24184006,14160124,11209202,21110908,69503604
033180,7799,8300,24835468,24184006,14160124,11209202,21110908,69503604
033180,7799,8300,24835468,24184006,14160124,11209202,21110908,69503604
033180,7799,8300,24835468,24184006,14160124,11209202,21110908,69503604
035200,3155,3285,30753,54334,20133,11533,93566,3776890
048430,5300,5440,8137,10888,9400,6723,17971,1954861
002760,2075,2230,658677,366819,446949,1219474,703223,13607895
044960,7420,7680,546081,329616,5790231,13416556,1907830,22804695
072130,5520,5690,6824041,2092906,3952128,2137582,1214051,2833432
336260,8674,8997,1083346,1688553,3471460,3013793,35194759,10168101
003280,4032,4369,1332956,539039,3262287,857690,8492928,10595120
025820,1615,1620,44814,246335,85560,119236,95790,852899
040350,1550,1685,215662,403049,423165,439300,10162120,32256168
215090,2221,2402,1894756,669612,594482,262347,472669,3701369
151910,5450,6350,610212,478679,1688201,1545369,1331557,2283106
214330,2099,2278,224847,190917,91711,120399,2442533,8008459
052420,2562,2589,7773733,5856625,9241825,8307506,11994535,99291643
151910,5450,6350,610212,478679,1688201,1545369,1331557,2283106
011300,549,578,245920,54907,189484,12123043,19067506,24087062
007370,3930,4285,62178,39738,74611,125496,166053,12731213
051780,654,679,115996,106975,15020786,23384095,23644579,19945302
096630,1940,1990,4084535,1750134,3248888,5722624,3924537,13408527
149980,5005,5501,46173,637494,533774,235300,829862,1805726
177830,5600,5750,2236496,666913,6070717,3548194,3730725,2669379
174880,15875,16525,5030240,53515805,30493611,11084020,4202537,10460166
036000,3630,3855,42960,76348,109668,166307,138132,195927
057540,1740,1785,163127,218120,336689,255147,429960,45109959
091590,14300,14600,2392826,695301,1055606,633643,544451,2755124
317530,10250,10450,2945911,548477,597187,1784052,567834,1554619
900340,2345,2460,1711538,2338188,1540977,707329,3528777,8113750
058420,10666,11695,119287,1264919,1524747,419474,1387077,4345508
225430,2724,2857,356383,280722,179816,157076,17816322,37193689
039860,5190,5270,136230,94576,3535728,1649098,728321,16750622
058420,10980,11212,1264919,1524747,419474,1387077,4345508,8011292
057540,2180,2220,255147,429960,45109959,28618949,18810550,12784889
002800,6910,7140,173128,80202,58895,52994,667888,1482129
006125,21750,23000,10430,198121,65527,1106296,1264361,1078006
222980,5505,5804,6321,27154,7366,3340,426861,2753076
234100,2874,3041,329509,222025,169826,8491489,5455870,20604071
072130,5930,6070,693949,1863370,1125179,643389,2631943,20826478
115500,4500,4630,114315,32679,30707,33608,43036,331967
032680,2300,2350,25210528,37793970,8330502,6280751,47535056,42622664
263810,3260,3460,27500,31091,19439,23691,119391,6822530
196170,18023,20330,1054431,1059260,732557,1347764,638113,20267242
126640,1180,1245,141640,161062,96771,84015,139709,39040517
222980,5955,6230,7366,3340,426861,2753076,3414474,2288343
009460,3055,3120,1570933,16977061,5113691,3080782,2382602,21591453
027050,3815,3900,111787,319721,17095455,2719096,2665597,4994929
123690,10450,11200,46598,75847,8103026,7054231,3093776,5555734
050120,11650,12000,4161788,2979332,4465628,33710087,59420367,53932747
031820,1318,1372,3350670,6440464,5816881,19906055,4180064,13484984
008290,3505,3740,178411,195508,155891,92475,227629,2973439
177350,3960,4090,116232,46472,404674,529391,103382,1416022
003280,4092,4218,501319,485584,13579594,8874204,3147546,1749254
263700,7670,7847,216139,258987,321588,96014,110033,299550
041590,1300,1495,1885911,920790,681409,655303,24072441,24364224
263810,3895,4130,119391,6822530,519697,9048262,1619036,4656238
013000,3980,4110,393308,341414,251235,479990,2374155,16898859
086060,6750,7210,2946226,792856,1060539,4131165,9747621,5952706
195870,13900,14300,14520,12440,22277,30836,18902,89833
039240,1820,1840,60570,79372,139771,46349,57445,1073374
256150,7809,8259,27727,28039,66223,24590,26528,576352
126560,3650,4000,42575,21005,79220,25437,137679,27105359
024900,1295,1375,81984,78944,11327061,1324335,1250061,15775688
033320,4655,4710,167824,111125,69986,50304,46487,320513
010660,2975,3050,906380,888872,972409,995400,2268731,3206780
204840,1170,1220,287033,2541142,1374427,7652376,5312995,3912686
017550,1640,1800,444206,20112170,2030538,905065,19031116,20252559
025980,10250,10350,1496624,1141674,937194,1564045,1079114,1783738
095610,20800,21050,161711,290028,372279,131809,174471,1292991
28513K,19931,21724,555773,244550,220343,1008759,385116,841671
025980,10500,10450,1141674,937194,1564045,1079114,1783738,1100058
123690,9340,9810,2083029,593329,952278,1962202,872864,10971361
003350,29800,30900,138415,56888,85750,329746,57208,1909492
289080,1850,1905,168485,149481,211396,177462,157008,21324517
307930,8570,8880,231051,118162,81461,385874,356758,701659
094480,3140,3210,28714,18328,95366,74385,305912,738579
041910,16350,16700,333171,306728,8465379,9592510,17821851,9121196
239340,4800,5060,986335,627241,224838,593981,423057,4838831
114450,9880,10400,1411211,936446,937382,1192097,2046755,5323232
137940,1650,1690,31297786,3546864,2051416,66909520,14490257,11716733
016600,652,681,185423,274675,728936,407632,2568838,6432963
099220,3035,3090,2998035,9868873,4916839,2894696,12044210,31479905
058820,4180,4375,3195178,5834540,7304128,3303494,10659495,23726079
124560,2923,2989,33576196,18318174,4056110,2609681,3156622,6805121
002410,2470,2810,203395,83085,354444,354916,6937993,31938493
039980,1200,1416,95647,73372,155549,239366,382779,11938253
003690,7386,7907,154556,340364,182131,272479,229456,3789850
119830,6110,6210,87666,58803,236395,121271,151043,1243923
044380,1547,1661,932359,784086,4136049,58359564,84223815,188572317
000440,8630,9390,4912,3644,12722,5704,1757607,2521872
003620,6404,6577,223402,121095,259533,211512,141953,1188765
058450,1811,1884,114419,139827,242207,164844,12835073,4058291
002410,2890,2945,354444,354916,6937993,31938493,8163183,23571690
006620,5110,5262,41502,13792,9733,12127,13147,4221077
004100,1330,1395,401826,376792,176285,24980842,3425017,30777006
123840,1100,1170,307041,452406,463256,308261,390933,17450783
137940,1525,1570,2705093,2363689,1323895,1376464,1449788,28379294
263720,14900,15500,42643,45141,53325,35837,64635,632778
123690,10300,11300,2737240,3890829,2094951,2021601,1296496,3727974
082800,1900,1935,12835524,4820437,4002552,23137852,29238512,22722201
097780,3618,3940,28176300,12774742,7881806,5788940,6426384,19669202
010660,2950,3110,367354,585808,493269,424346,1217458,8904171
104620,6636,6853,1035732,356204,259224,787253,294893,871380
323990,17775,18950,811217,10137430,13478548,3304374,1818414,6558986
094850,5830,5960,469476,306863,155383,247181,166908,296909
229000,17600,17650,74381,72827,26322,51982,33165,32680
011930,2990,3160,10844352,16946134,106848710,43642527,28874175,30741879
032860,5340,5530,581298,292613,144404,447428,2060120,2333229
229000,17700,17900,72827,26322,51982,33165,32680,41847
054090,3360,3535,280770,157002,202902,48323464,5307347,31442399
005030,663,685,1377206,1592405,2308413,649177,779647,26902605
011930,3090,3140,106848710,43642527,28874175,30741879,18548353,39899110
025750,2105,2155,28476427,13454454,7980697,31536332,78676335,160943663
089010,17750,18450,546258,561786,864651,345324,340645,2414391
006380,3095,3190,618014,10981656,1578112,8028350,1415719,6904402
347000,19000,20800,22725030,8400772,3517494,2347213,10315130,5497460
006120,67300,68100,136582,104720,71239,134661,258901,139086
009835,78734,82627,54247,229875,117799,251586,996077,384011
205470,10550,10700,984975,2619539,2293817,1065707,1925549,2849437
229000,18050,18400,33165,32680,41847,59027,59493,255042
229000,18800,19100,32680,41847,59027,59493,255042,66386
090710,1380,1480,23122987,16944952,15434886,7227382,20652660,15341175
245620,6582,6993,449763,308281,439959,378125,310007,1261135
011930,3125,3280,30741879,18548353,39899110,27235894,31768376,187412728
035080,11175,12050,92824,70100,63681,343183,214460,1558994
011930,4055,4010,18548353,39899110,27235894,31768376,187412728,152507861
053030,28500,30750,3518254,2813052,1218453,2181314,1862453,9940086
088350,1790,1840,4523789,4630165,3571577,3109904,33851921,33664086
005430,32900,34200,2723,4764,3554,6815,91260,298997
085370,6790,7100,69514,38664,147012,81751,5655667,11193203
079970,3015,3165,1786505,834301,538628,3911469,31760698,22507133
195990,1145,1250,8019389,10031038,32347105,299192793,353558646,424589569
053590,1250,1310,1642756,3415010,1666231,16144373,7057758,8392625
003495,20788,22051,39632,41068,503416,281032,103074,712569
005690,20800,21300,2470887,2186487,21049172,7169728,11280622,19585605
258790,3650,3900,1377024,1406361,5777604,2086164,39450490,79589355
044380,1125,1145,601417,420886,459065,870380,1926150,2732870
170030,9490,10250,2041521,3259676,7193976,1446028,3895942,5706068
053030,27200,28650,9940086,2035130,1344770,1724541,872027,4310586
950200,18250,21000,818170,441153,1280345,10837608,14221161,24454366
014940,2720,2765,1496555,755792,16194371,3047539,2603158,9013767
104040,2155,2235,5537448,4924380,3791820,2827895,2237829,22220245
161000,8890,9250,2862899,828180,594140,357685,399442,3388577
009620,1525,1590,4998803,1696285,4869860,39788412,29068111,46871472
178780,4100,4400,855020,1147720,1387417,953688,808658,2184084
226950,35483,38485,88276,78235,70091,222934,111428,630041
161390,35000,36000,347702,267435,316686,264453,1259043,1006061
012600,11300,11900,139148,108606,313712,113205,89817,494328
229000,18350,19200,79731,72777,50773,59250,99316,364688
153490,1090,1160,745042,280319,275926,1039735,354488,25015539
065350,6290,6860,1221028,752082,1280440,1191845,684484,5880940
229000,19300,19800,72777,50773,59250,99316,364688,346817
086890,7490,7850,239702,365549,495576,621336,371231,1504846
058400,2070,2150,35412255,8064635,4108819,3305520,3087562,88552495
101140,7120,7350,1495859,497495,574615,650730,2307034,3556808
224060,60124,63660,229057,439535,2253926,2037499,4458185,1974570
080420,4160,4400,187532,194312,153069,127856,161107,9743978
174880,11250,12775,12102590,6372550,2716530,2620165,2968532,16032552
272210,10416,10595,316960,551634,730071,477527,803784,1557634
195990,3000,3225,268356706,0,208996869,297098469,0,296816475
117670,4930,5120,626449,142663,146486,1259897,1401306,1751311
000240,15850,16600,911262,286610,430357,571628,525216,1789306
312610,6425,6850,34867,48808,77706,93348,48104,734626
088390,9030,9200,53501,79212,38180,146437,130141,1520191
229000,19100,19300,364688,346817,177682,104908,100746,137634
094970,2860,3105,538562,120607,149490,87423,831172,7990176
020560,24579,25771,3052430,1929542,1029224,4187258,4812046,13875855
177830,5930,6100,426567,1084855,991336,1135412,604223,3331711
058110,19133,21019,276341,166344,628229,190890,667411,2348424
150840,3859,4053,1394669,3953004,6103337,1770466,930767,4637716
158430,29100,30400,41737,34875,37008,43983,375218,1040419
053300,8850,9570,2857758,1018608,792394,690986,9397877,35134673
060240,4880,5200,72646,58696,128444,121089,106699,9445147
226950,53900,58500,812314,348701,475929,209194,309622,748914
068330,7171,7752,2480571,36575231,11258358,16545990,17179378,29781358
323990,56100,59950,613876,599540,3514414,1077640,639454,2980649
246710,10186,11011,1393934,1043589,7914522,1587837,1400691,1070221
021040,9690,10300,117698,66921,49495,77680,396792,3597130
011000,17573,19044,22284669,3497538,5618751,3012980,2684084,6179891
002870,4165,4430,38758078,5932190,2916889,3176317,63924405,56194778
144510,72500,80000,983571,846815,313764,647438,696537,3602631
084990,25282,26373,405222,773850,1267996,894436,465543,1370676
049630,985,1015,560552,3841077,703111,731373,1466893,22505267
010100,2150,2255,158731,110087,349867,339200,174105,29264731
011930,3810,4190,8644006,7459031,10156229,10997459,12023201,65634078
299900,4400,4620,115539,657466,289751,238757,519583,10618302
012860,2195,2310,8171378,21354586,31613953,7792237,31528902,53260166
066410,2405,2470,651819,773086,305392,280964,651130,4540504
046310,2595,2720,200276,181540,123974,117595,231589,42740722
003090,33650,34700,6019751,1486612,1148309,693061,11348392,16742591
069260,23800,24600,204682,201409,176028,140443,304334,964374
069260,23800,24600,204682,201409,176028,140443,304334,964374
069260,23800,24600,204682,201409,176028,140443,304334,964374
226330,20050,20900,644948,513774,410787,433044,173743,5597051
095570,4560,4735,228552,113067,98819,50508,429859,957646
067170,14350,15250,1180750,5058307,2008581,689444,757463,24989831
032850,13000,13450,2771323,1002960,711677,1219203,1560503,21050534
020760,3866,3989,169720,158612,167483,321641,354222,1460769
006380,4005,4190,473644,470422,432725,1444561,613975,4271905
006740,6690,7010,188246,399606,926388,6359950,1053372,13103215
217730,6275,6452,377292,251672,361581,371628,361158,1186763
290660,3635,3745,155910,209135,230355,401752,1460245,8263612
023600,11000,11200,256415,188581,394487,184113,2634424,2629302
263860,7600,8070,116137,55772,77365,221346,3073622,7344520
093240,2860,2950,1190287,676182,1942857,637296,1198058,43187581
253840,23750,25000,721889,573083,250346,307539,538420,954527
002720,9589,10044,380169,288435,275878,275121,2133394,7359877
191420,29800,31300,98662,72711,43680,49389,123178,535644
039980,1162,1202,163698,6500572,1139760,995695,720223,17757512
054450,12850,13250,245034,281979,386612,226288,3104810,7430302
002720,10411,11187,288435,275878,275121,2133394,7359877,15730303
118990,11947,12031,507463,643101,540737,7671018,38679142,5948663
010040,3430,3590,93391,117066,126401,804924,315653,12831615
293780,23173,23348,739006,4353694,4781636,1227195,3928270,4163404
217500,2705,2830,689433,381542,1675419,448374,377000,1583576
033540,4800,4940,1243240,821468,604906,475983,762195,721539
001360,5580,5820,4674658,5461139,3345984,2550151,48821482,84884906
003495,30896,31548,26545,38725,22992,16805,16433,206781
123700,3210,3500,27520,13726,23695,36423,201308,2381369
021650,3875,4075,76724,98798,47596,83564,149077,6538829
033540,5200,5300,604906,475983,762195,721539,538654,1287771
291650,26150,27450,825072,366844,238559,238839,351759,1948643
036010,11800,12100,514380,300507,287735,439131,929283,1119719
032540,6600,6740,101773,10039182,2327746,2381109,711090,6583001
081150,4660,4760,202739,283083,63488409,22819054,7987710,62419384
088390,27550,28850,50084,32562,41896,67779,72306,275836
058630,9430,9600,1571240,766924,4534694,3412401,1285156,22636877
069260,26350,27650,297482,215054,257618,807979,431037,1558850
069260,26350,27650,297482,215054,257618,807979,431037,1558850
069260,26350,27650,297482,215054,257618,807979,431037,1558850
225570,16100,16650,609990,367625,558411,265562,874627,1487776
263690,11400,11850,19146,21595,41794,24411,15554,120552
000520,7990,8470,33380,26374,30304,28742,48710,593232
225570,16100,16650,609990,367625,558411,265562,874627,1487776
225570,16100,16650,609990,367625,558411,265562,874627,1487776
225570,16100,16650,609990,367625,558411,265562,874627,1487776
014190,3995,4140,658994,650674,1517664,1758118,3339609,14937612
069260,27600,28550,257618,807979,431037,1558850,2339718,3073569
069260,27600,28550,257618,807979,431037,1558850,2339718,3073569
069260,27600,28550,257618,807979,431037,1558850,2339718,3073569
002410,8170,8460,1018732,701880,568955,1571920,984322,1382604
250000,14000,14200,18915,80484,40884,43393,69248,679008
052300,1690,1740,1449953,6848179,2130749,16576575,3950592,12967766
105840,9320,9760,1875582,862447,949565,683720,1225294,13289510
009190,5480,5510,618678,495556,405620,841822,629882,910350
045300,5145,5413,101693,78492,123685,63724,150522,500017
130500,5160,5300,85934,95451,83751,110896,100637,7372277
033320,6350,6640,167283,140098,128449,87307,75428,2430158
027710,2685,2765,7420630,5535218,14169936,20598125,8754345,28988304
307750,12450,12750,2316389,1420037,1561377,1104043,1193292,2632582
004870,1105,1180,225534,153598,207520,209661,489765,695149
241560,40850,42400,431040,401974,214317,178433,255156,1316575
041510,79400,80900,413169,463796,690648,389354,730662,740019
220100,13755,14305,130436,1680622,588848,352616,415969,1457438
066410,5550,5750,7925341,8132806,6051120,4904676,16079530,83934395
222980,6820,7220,50770,125183,150549,67317,59122,900990
011700,4585,4995,7036400,72419591,21861339,5711436,8101801,17412836
017000,13900,14550,373975,1857440,4128217,9380326,3315699,2558887
076080,4740,4790,730902,741647,567217,1442302,736954,5814789
033540,2635,2750,256968,237750,376450,327401,570688,746759
138580,17076,17858,846719,359042,248657,237744,2980617,6983556
033540,2690,2705,237750,376450,327401,570688,746759,481910
182360,24250,25200,633148,1266795,633079,1910700,641635,979207
073490,36250,38150,17094,17503,18395,23730,16998,149272
053050,2770,2890,3511446,1242221,3390264,2433215,1767239,3982887
128540,6142,6400,3088666,14374158,4118633,1782597,1187938,9459480
019180,4235,4510,410593,538827,567650,12892006,1123411,5416777
299900,41550,42150,5116946,3048182,2765647,5269252,2425117,6640813
225570,17300,17700,2175636,3062797,1551845,1031526,868245,4065694
011700,4500,4755,17412836,5733948,8833495,2991922,3010873,13145859
024810,1431,1549,1000101,892562,560462,612592,316731,17603914
225570,17300,17700,2175636,3062797,1551845,1031526,868245,4065694
225570,17300,17700,2175636,3062797,1551845,1031526,868245,4065694
064260,9320,9600,18579462,29331267,11144327,7693459,15249501,60429831
225570,17300,17700,2175636,3062797,1551845,1031526,868245,4065694
225570,18000,18900,3062797,1551845,1031526,868245,4065694,11011785
225570,18000,18900,3062797,1551845,1031526,868245,4065694,11011785
225570,18000,18900,3062797,1551845,1031526,868245,4065694,11011785
225570,18000,18900,3062797,1551845,1031526,868245,4065694,11011785
009620,1715,1750,1408419,2886302,1077219,813696,765653,3165512
057680,3425,3450,1048009,1470371,665991,982429,556347,30290466
177830,4480,4715,60367,75856,95657,49346,102874,2533709
310200,4350,4450,868119,557885,908877,811679,1050658,2913234
065440,2210,2385,279728,268688,228774,384911,674586,2642907
226330,10300,10800,43286,57534,47581,54909,80821,644910
197140,9620,10000,1188898,242289,626497,294395,318337,457703
101730,37400,39000,711598,3366029,1250437,1108981,0,2694057
322780,3350,3475,179788,128498,361648,1053098,315751,3716053
273640,19326,19626,159906,109302,83373,1338635,238502,1911688
008700,2440,2475,487977,1030541,306643,2291891,2343009,12074978
139670,20400,20700,159213,225968,2072236,5136192,828433,4847435
038880,1155,1155,1348291,1825029,21664180,47305765,10802293,17382829
086060,5170,5280,23133,74098,44918,51139,91752,4653164
118990,10334,11090,149762,120497,10660527,2315965,2643020,5292033
050890,6730,7060,325439,501797,734570,1286515,339832,6603524
060570,5100,5310,263569,98476,282371,72340,67324,643833
009070,6000,6140,118473,104432,120129,85728,103875,853319
033310,10750,11000,313906,287057,196409,499970,200835,668631
009810,2825,2840,3838255,4226681,2068364,2244487,4333491,4379151
102460,40800,42100,177014,134694,101439,99999,90496,889713
139670,20650,21950,5136192,828433,4847435,857847,750142,3209646
034020,22248,19593,7488441,6692288,6250045,5193571,6270266,21345904
139670,21300,19950,828433,4847435,857847,750142,3209646,896715
269620,1130,1205,3832266,2642100,11778216,12274685,8894460,21157375
245620,3460,3610,349817,257307,490617,296387,1129051,7229620
096240,34050,35450,65589,116856,123918,118211,125462,513563
009810,2865,2900,2068364,2244487,4333491,4379151,2014245,2814434
095500,4590,4790,4445067,948708,6394701,1130615,769722,11019967
053030,15550,15900,178383,180277,455082,704972,684261,1664903
005320,2320,2390,489821,242471,614222,500421,723655,4463117
025880,2475,2555,267244,119157,147280,210397,199403,4218188
053030,15650,15800,180277,455082,704972,684261,1664903,459249
038460,5070,5540,116292,98434,676853,674289,300455,7720366
106240,4615,4786,3450496,3633767,3822071,2492946,2477168,3575240
060570,5920,6240,238477,179202,717098,1273528,1145874,3039909
019770,5450,5800,83576,176227,125206,117586,47484,2236130
215090,1940,2020,914507,784072,483308,858768,2509100,1876380
190510,10300,10800,199594,243920,250887,596555,238641,3244248
054210,11850,12500,662137,482770,312441,220088,188353,760256
094360,20550,20950,556382,1789226,1016042,2165599,1579016,12654229
105550,4175,4225,372122,256180,165954,223148,287450,3957918
015890,7000,7200,257440,152739,212161,461542,337974,4145896
105550,4375,4385,256180,165954,223148,287450,3957918,918322
348030,21150,21550,49347,145968,55177,48795,41353,840808
058110,13550,14350,496577,3449559,2162972,12733695,3211992,8601469
131370,9080,9230,13332266,3955037,1708118,9487847,2733702,26647419
136510,19500,20350,26489418,7944897,3972005,7293633,3486236,3428241
032280,2855,2960,2215760,1106134,2033388,13710233,3580836,4757933
091120,23534,23777,43232,206620,161114,120957,105713,541230
091120,23534,23777,43232,206620,161114,120957,105713,541230
108490,12950,13850,19027,20153,24271,13537,19583,3980516
108490,12950,13850,19027,20153,24271,13537,19583,3980516
032280,2855,2960,2215760,1106134,2033388,13710233,3580836,4757933
049180,5980,6220,108503,146594,101059,90732,68079,9051828
049180,5980,6220,108503,146594,101059,90732,68079,9051828
307750,12600,13200,6637178,3106198,2354507,1888794,1751227,4087545
066410,7080,7340,22865704,4791740,6272515,14379286,14214580,38084578
066410,7080,7340,22865704,4791740,6272515,14379286,14214580,38084578
307750,12600,13200,6637178,3106198,2354507,1888794,1751227,4087545
271980,31350,32700,32988,77214,33747,29788,24014,168110
033540,2390,2430,160312,55217,78207,183013,106653,318962
001510,1015,1015,3644871,2672963,3266513,4140264,3080603,14029892
001510,1015,1015,3644871,2672963,3266513,4140264,3080603,14029892
007770,15800,16300,29718,12270,24219,16944,29899,91543
271980,31350,32700,32988,77214,33747,29788,24014,168110
007770,15800,16300,29718,12270,24219,16944,29899,91543
033540,2390,2430,160312,55217,78207,183013,106653,318962
068290,33350,34000,72638,66789,29666,36288,45492,291223
054450,16200,16800,160098,123830,399733,156322,170283,3268038
067310,18100,19000,502848,376834,423843,358387,462721,1149097
068290,33350,34000,72638,66789,29666,36288,45492,291223
067310,18100,19000,502848,376834,423843,358387,462721,1149097
054450,16200,16800,160098,123830,399733,156322,170283,3268038
138690,4700,5120,202231,114282,232628,205536,129217,656633
012800,1775,1830,246786,366380,275426,272128,359471,8752467
138690,4700,5120,202231,114282,232628,205536,129217,656633
012800,1775,1830,246786,366380,275426,272128,359471,8752467
049630,1000,1045,444860,438642,260004,197486,279396,3183361
260930,11050,11300,69481,48620,300041,159196,346684,2489775
260930,11050,11300,69481,48620,300041,159196,346684,2489775
049630,1000,1045,444860,438642,260004,197486,279396,3183361
004250,7290,7400,4365010,1125579,744193,1485577,2511361,44461195
004250,7290,7400,4365010,1125579,744193,1485577,2511361,44461195
265560,16350,17200,944614,88567,118912,73716,98040,3433882
265560,16350,17200,944614,88567,118912,73716,98040,3433882
080220,6280,6460,1826662,7200992,1754307,2007281,2624885,11659005
062860,6070,6320,2914,37995,4921,159264,34327,415080
080220,6280,6460,1826662,7200992,1754307,2007281,2624885,11659005
062860,6070,6320,2914,37995,4921,159264,34327,415080
206560,29550,30400,1221854,975634,1740758,1483824,1400351,3066984
241790,16200,16900,208714,100315,85498,234142,117435,433338
206560,29550,30400,1221854,975634,1740758,1483824,1400351,3066984
241790,16200,16900,208714,100315,85498,234142,117435,433338
006380,4355,4540,356496,302341,422450,14208566,2660445,9176517
219130,17400,17850,24833,38163,18687,16772,93976,1878140
219130,17400,17850,24833,38163,18687,16772,93976,1878140
006380,4355,4540,356496,302341,422450,14208566,2660445,9176517
060720,24000,24550,503124,371104,314301,612632,521282,1025415
019770,6650,6940,317142,837548,488215,193927,219294,1733812
019770,6650,6940,317142,837548,488215,193927,219294,1733812
060720,24000,24550,503124,371104,314301,612632,521282,1025415
092600,4205,4380,71167,105081,53004,86791,201759,506860
077500,11100,11300,287444,249281,246340,170685,120679,299974
092600,4205,4380,71167,105081,53004,86791,201759,506860
102120,13950,14500,577682,357963,530173,288523,147121,862700
077500,11100,11300,287444,249281,246340,170685,120679,299974
102120,13950,14500,577682,357963,530173,288523,147121,862700
009810,2150,2215,1222497,1318141,1806755,1503760,4282077,8611395
033540,2365,2445,105778,182582,232753,2838713,1869364,1445378
009810,2150,2215,1222497,1318141,1806755,1503760,4282077,8611395
033540,2365,2445,105778,182582,232753,2838713,1869364,1445378
059270,8880,9130,331292,152541,1293754,7028962,925779,3297077
033830,1330,1355,7054687,9460252,1937881,1571796,4592873,17565425
033830,1330,1355,7054687,9460252,1937881,1571796,4592873,17565425
059270,8880,9130,331292,152541,1293754,7028962,925779,3297077
236810,13075,13750,424216,681656,267878,522836,1481680,22789484
236810,13075,13750,424216,681656,267878,522836,1481680,22789484
036540,7690,7830,2582351,1437392,1857068,2085726,1565290,3634508
093640,4550,4785,481011,309355,280804,256191,1488185,872442
145720,69800,75300,75153,86837,58963,51524,35230,363695
151910,6300,6300,370812,295369,324934,396196,1487905,1189992
151910,6300,6300,370812,295369,324934,396196,1487905,1189992
204630,1813,1921,0,0,0,0,0,11383689
002720,5783,5897,250086,518575,495256,131489,134440,4054740
077500,12500,12500,299974,207339,1060894,1226888,574211,1200820
002630,1240,1265,570913,321636,724780,690700,423550,2493950
128660,5130,5290,141529,109314,258948,179812,234711,1332999
001780,3500,3575,154035,196548,428165,353359,335905,9147478
200880,7230,7490,99653,83210,99338,223849,152389,725204
048430,10900,11300,53258,32459,63125,103552,107348,678288
045300,5349,5408,44281,96708,53282,89739,63797,1203362
017480,6080,6290,28439,47224,116279,78473,56996,215877
009460,2220,2300,192770,254651,3935586,2191399,1286374,7415595
164060,5820,5995,124898,101312,107612,279051,103426,666149
036640,7360,7600,674839,354380,264474,109744,516765,1368343
037370,13700,14300,153630,216828,150123,74933,96534,448354
192250,2700,2820,1600797,36377060,31895081,13761207,5297238,48134337
098120,13050,13200,300208,190407,89438,132684,92071,722327
299030,58100,59400,214225,119839,191571,230388,110302,138549
004020,45000,45500,1544022,882516,597159,536058,564837,1154435
160980,19450,20350,100093,84874,329619,144920,62574,355860
319400,3845,3935,9759174,8388710,28814542,3097020,4127239,8767255
001840,5850,6080,123690,79949,86185,41210,40950,5224243
052460,4805,4905,11998154,1204286,5077158,619818,291618,8311188
012860,1995,2110,286654,319499,1486521,379286,995988,19104832
138690,6100,6280,192117,161642,170357,1794648,882456,1198983
054090,3430,3510,303749,778104,2724156,353621,704824,23099841
299030,63500,63400,110302,138549,713167,261565,267396,215885
100130,6640,6750,1378395,1116735,939367,1987128,1499219,3387918
100130,6640,6750,1378395,1116735,939367,1987128,1499219,3387918
104830,33900,34250,53203,102422,138430,46314,49339,293957
012860,2185,2185,379286,995988,19104832,2997412,4706970,6067482
005870,8230,8470,573296,279216,228413,343072,239224,1534825
075580,7370,7500,2641913,745768,528793,411960,1719554,598333
020180,1185,1215,588329,684464,906064,477529,358517,30705475
196700,6710,7190,8185087,23558956,3058516,18992511,8567343,7027920
002140,3305,3355,279644,1331860,285363,1178690,1073901,3312128
027710,2085,2155,883402,699639,770779,696688,604918,45900984
019770,7000,7380,719733,250424,165775,123028,145273,384813
033540,2200,2210,230022,522515,236440,242783,329108,716900
053080,13650,13800,102188,64737,93830,112976,133205,383746
148140,1650,1690,923867,2381236,3036006,2623446,16070836,6960430
299030,62700,62700,120382,73107,51252,82875,127113,189831
053950,3360,3600,153772,107096,93423,120141,287165,648845
191410,4010,4100,21389,14400,57730,50689,57375,733665
049070,34900,35400,102561,188465,273685,510211,583044,935698
205470,20500,21400,1080372,1935076,4288679,12657853,24181909,13789667
258830,4900,5160,2963270,24372462,20541444,5603357,11672018,9368142
299030,64500,65200,82875,127113,189831,176967,114235,71439
140520,3480,3640,159631,484379,1463687,492391,328595,2085140
148140,1820,1920,16070836,6960430,21900016,5440398,7979371,8368987
122310,9680,10250,59539,22316,53609,16392,16092,318841
220100,11958,12617,179204,86597,147277,116492,63050,214447
024060,8050,8210,2287019,2426067,948936,2103735,2750455,1809886
101140,2720,2750,1898064,602812,569199,529117,317237,1992665
011700,3315,3435,4254953,1041796,980198,761075,1126688,22941339
014160,2495,2575,1126207,819421,2837651,29825297,4680586,9604799
008040,1190,1215,3078708,1223617,1428680,5240915,1951853,10642201
009190,4200,4340,304726,627658,177840,168493,188353,533126
001520,1340,1430,944949,513574,818684,303610,1272235,3696197
148140,1585,1615,7979371,8368987,6339266,4403725,2414234,1682586
004780,5210,5490,30128,22736,20876,33325,123894,16397956
032300,36700,38500,73965,52724,41330,47029,31289,1201736
002360,1005,1050,3304188,5036539,3641738,1585029,3273518,28651453
013810,6120,6570,161560,134923,135608,135601,489950,1343790
267290,23150,24100,65039,14988,5816,5281,107221,134280
037950,1505,1560,6910120,1969662,2249848,7168776,25113734,17085861
230360,14050,14700,79847,71310,73474,74126,56436,2262533
095500,6830,7120,710387,20152899,3102011,1951281,1285590,1478288
036090,1230,1350,4176711,2387369,1309981,1747652,1709307,27546649
001940,15200,15650,14765,19736,13519,21673,21584,88763
075970,3975,4100,226042,185704,248356,2013969,308342,2688559
128660,5360,5570,1925889,883657,17429324,18640371,2725931,12657241
074610,3460,3600,402249,1102696,665307,392637,949939,12659094
014530,3885,3920,285097,4178653,870265,513773,1002399,435208
037950,1490,1550,25113734,17085861,4882363,7258155,14994040,15992968
065450,6500,6780,10803711,9491791,3544131,19297935,8246326,7856569
037950,1485,1585,17085861,4882363,7258155,14994040,15992968,15300993
104040,2370,2470,2728319,2556664,2895568,914547,2548129,8222306
060380,3755,3805,142439,120195,1115327,311044,324908,1070188
045660,15700,16050,192295,303748,542563,738287,329799,227731
037950,1475,1510,7258155,14994040,15992968,15300993,6559417,57249423
042510,3580,3810,691579,183456,327570,287659,252555,2482303
215100,8210,8610,7476902,2851266,2788166,28103014,7766635,38149185
036710,5240,5660,655771,330258,379686,523585,707446,7160511
140520,3530,3730,231092,201219,217491,281291,170013,1909888
037070,16800,17550,132713,226251,172967,338686,395653,976087
225570,16800,17550,465208,209024,353087,295894,243072,1109695
225570,16800,17550,465208,209024,353087,295894,243072,1109695
014710,5400,5570,45423,46309,46224,42905,23928,13096462
225570,16800,17550,465208,209024,353087,295894,243072,1109695
225570,16800,17550,465208,209024,353087,295894,243072,1109695
001470,2185,2300,2339278,3508715,4426673,8042311,2889593,58264265
088790,2990,3195,63651,107443,35051,32224,37097,429619
173940,8580,8990,14398,11936,14847,88632,46722,341239
299030,61300,61300,40516,66241,38390,19798,49176,92703
222810,1521,1662,0,0,0,0,0,5227853
227100,6880,7240,140848,239072,88571,243998,88540,389332
005860,2330,2375,12840834,5317623,14710317,3624641,6548464,11595504
002360,1165,1190,22236971,24576032,16241462,13988103,11983102,16192363
106190,12550,12900,137380,110866,103077,1132495,254817,563390
299030,62800,63500,19798,49176,92703,69294,34421,51667
192250,2505,2600,1849355,13057249,2376447,1195559,2979691,6312540
019570,476,490,413312,240778,424046,482405,670674,37580951
081150,6200,6420,5691040,5589123,19157477,79566550,16756918,27835982
005870,8150,8400,206949,430252,308038,172687,267431,1071007
020120,15200,15600,280662,70160,70455,117092,121055,310030
092040,26200,27000,65583,55740,52182,101378,139900,751286
049180,5890,6100,86848,55025,74670,60184,92016,518804
091810,3235,3270,515576,654496,558082,2593904,1524180,1991057
091810,3340,3615,654496,558082,2593904,1524180,1991057,3584228
021650,3830,4030,39831,36850,38158,33299,34504,3061806
198440,4135,4240,3321101,13932087,11903066,1745323,4100150,29402783
099440,1780,1850,150868,111564,169416,207888,137297,1284024
034810,12200,12850,36982,38793,56378,104268,43160,275038
004100,1370,1425,467437,250737,286540,188534,241589,1949286
053260,4985,5280,92872,57582,47195,24321,111265,2118967
002220,3600,3685,66952,56623,118281,67110,264360,719682
020710,6800,7060,225646,118984,1505664,330977,167070,13819093
004540,4145,4320,177930,152897,67908,164889,137786,3871194
013700,2835,2890,6527007,47765356,5990856,5137211,14815789,7673311
064480,6030,6260,77138,94627,241349,128698,65856,416479
258830,5290,5400,2434564,3929010,30269044,5128683,3592603,7739295
048470,6750,7100,96914,149564,339998,251867,293925,5157897
041460,8710,8950,214680,1625523,277649,141200,195732,11893071
084680,2430,2560,431674,361995,539933,252696,603352,28555404
215100,11700,12150,9107521,3736965,1996196,4438749,2312890,10714207
189330,22600,22900,24708,15872,26596,36839,23316,99954
215100,11950,12000,3736965,1996196,4438749,2312890,10714207,5949274
079430,15350,16300,29442,26013,26581,27020,59072,1365420
082850,3900,4030,1222671,1074927,3154237,474057,1873326,2209683
042600,23400,24550,28356,95032,47057,126340,49459,345277
066410,4535,4675,24884504,42852869,30951542,9185699,7497759,76406974
065370,15350,15900,95358,114461,78634,57691,46521,195976
198440,5090,5250,9488459,17048398,2952433,8929783,79436090,14831419
025530,3770,3995,6671,5500,7132,16615,13459,1745985
011320,7460,7720,75440,25696,30954,19518,2186657,8685653
215360,18100,19050,22997,12477,22889,37583,24495,1155259
005390,3995,3995,796141,1195220,1382953,784389,891168,1300006
300720,21400,22200,247461,2115559,310741,382310,287690,464942
140410,24200,26200,1795900,1665828,839697,939867,1310593,1607423
004250,8830,9270,572462,305415,300490,443136,350173,8093645
006880,6850,7090,261687,3073321,735570,1317838,1013493,10135505
071090,4905,5190,2255484,6399191,3999660,1624541,1637354,8920810
000860,24800,25750,12490,9401,9818,14446,9488,131830
007280,3220,3260,121957,97755,56750,62752,63984,19765614
299030,67300,67700,42509,136113,44686,31530,82265,133528
008700,2315,2380,401106,299531,2382524,734246,592607,21896433
092220,3295,3425,1724556,72110649,13053604,6805861,8176464,49635839
008830,7950,8310,883319,115911,149725,161318,181359,4658746
317830,11300,11400,535696,327462,1253057,435918,377665,479873
052020,6200,6390,63901,158697,252448,162832,40132,411977
054950,15150,15650,30070,43086,61602,45110,44147,309503
198440,4340,4715,4421650,2944582,2605919,2386679,1272903,29761461
300720,20350,20950,243825,346918,227936,108028,108862,403852
037560,5170,5460,259613,253243,115429,104652,127945,18642278
002220,4010,4170,146850,67065,38503,36834,97291,373565
008830,7910,8200,181359,4658746,298768,220102,110763,1602844
077360,9650,9980,283988,227012,348564,679178,606208,443856
092300,5680,6000,402103,807472,642695,438726,217172,10842025
396300,6700,6890,700190,296695,11937664,2549254,949383,7348966
009580,4585,4830,187238,127217,144886,77263,298684,3987005
306620,4190,4275,3228971,2666141,1078321,2829633,974699,5734895
032850,9070,9540,104945,115739,115513,111641,90578,1087679
052600,9470,9700,418313,305271,144581,172743,197298,791615
365900,13650,14000,51621,27708,43839,93150,51074,190351
053050,6020,6350,60604736,16826549,14045903,22515953,24392761,13201242
047310,7380,7530,80940,111232,332983,101118,270056,5451720
365900,13700,14150,27708,43839,93150,51074,190351,1137578
032820,2120,2165,2190909,1709863,2332933,1665896,1774756,51175432
060240,8070,8370,2631607,2214365,1990791,3117790,3584358,18775828
270660,21075,21750,164368,167042,114328,274636,270640,897196
171010,7620,7860,42448,39873,60142,326767,577028,6711172
117730,8610,8930,293932,185226,220542,194983,308704,1186066
036580,7340,7710,4856780,1411372,845903,679111,2778511,16795002
010690,8270,8420,617176,1164400,575505,361027,901143,2214025
014530,4300,4300,1154570,610243,409041,529148,393462,1010155
001000,2510,2620,101759,66586,248602,828292,174922,3457675
012160,993,1030,345081,221147,173634,327512,369013,7514412
048260,121000,121000,0,0,0,0,0,2948953
035460,4090,4190,573503,623268,19987048,16877216,2324492,8150883
123690,10000,10650,59441,45669,31765,32390,260065,6116506
252500,1990,2010,888274,587978,15417411,3222061,2493613,7246232
024840,2155,2280,263477,292612,371485,437789,996646,3098018
122690,3450,3560,43698,59632,55335,49809,86316,2244334
104830,37500,37700,65426,100352,57474,86990,69260,386184
043200,1290,1315,742135,450462,253995,168286,206970,4760469
017960,13000,13400,1349010,1118975,780572,408121,811879,2314510
033500,12000,12200,234740,316217,217435,257314,333883,900777
053620,9880,10000,665550,133056,79731,88615,48177,232053
089530,1950,2030,1885208,914381,9738990,4168432,1920255,4106685
053270,3890,3970,1161620,3415620,2836331,1485278,995884,11801167
053270,3815,4180,3415620,2836331,1485278,995884,11801167,47760475
046120,7860,7960,1380472,413974,2610897,24143789,8190834,5066916
023770,13050,13250,66134,27566,60006,238578,111054,455314
033100,5330,5540,140148,88009,118713,70218,89653,1503367
237750,7520,8000,43434,75842,184767,101065,66163,1001245
054450,16500,17300,174227,383588,253409,126498,256001,725060
018500,965,989,266871,221636,401350,223707,1098413,4014580
013310,3545,3660,407847,2617730,3513399,46393297,10391750,34050149
024880,5440,5740,901817,610804,667357,1017676,373950,1250713
073240,4260,4275,333281,221907,378891,509177,392854,1445386
015230,5600,5700,8590500,1947155,1140525,560411,2520932,22946630
214870,8830,9450,75303,67702,202497,48289,67641,1577026
353200,30950,31300,869264,751960,1026766,1377966,674258,3990353
313760,12000,12600,14511,72607,62621,57716,68276,185377
010240,8060,8420,2442237,631693,273746,180413,662882,3143524
114630,1223,1291,216181,99651,165025,179993,2290200,6370407
003310,4325,4580,5190771,47526323,22267506,75237089,74831573,56687174
388050,3573,3785,1262733,344891,389191,591562,3508837,13152973
047810,47300,48250,814576,498423,683521,565723,582504,1486340
040350,1145,1250,86538,55076,76424,304739,211052,19860885
306620,4500,4895,2750393,11861716,4353515,1478391,3263156,40440902
002710,11550,12400,286573,364158,269210,497238,283137,2063703
091580,17400,18000,504855,334970,251505,196014,166416,1111875
213500,13600,13950,36825,76841,49857,110713,88592,603916
058610,17350,17750,244811,343546,469083,448705,990959,3865046
022100,6210,6450,252483,727469,559960,435390,522331,3520424
213500,13650,13750,76841,49857,110713,88592,603916,198776
035250,26950,27200,497897,360380,318977,449072,441420,1120402
086980,5600,5790,5416959,826941,476764,843338,897512,18686469
063440,2685,2690,749021,480835,4852825,778518,742442,1356311
063440,2685,2690,749021,480835,4852825,778518,742442,1356311
063440,2685,2690,749021,480835,4852825,778518,742442,1356311
063440,2685,2690,749021,480835,4852825,778518,742442,1356311
005070,53500,54100,640838,741770,661907,537742,387175,955556
025870,12200,12800,64469,44690,19609,114915,50311,694544
088800,10350,10650,154072,128056,111381,130617,165630,599195
054450,18350,18900,211677,311603,191691,163221,136859,794096
336260,37950,38600,404195,477282,529960,593037,310602,1031018
038620,1440,1490,768974,219040,336033,601861,838711,24958513
000440,30300,31100,184060,65674,1070882,165556,300848,463676
079190,1565,1625,494855,199216,405930,1336580,427214,6395315
060230,5230,5100,0,0,0,0,0,4436167
100130,6100,6390,335273,11366665,2383949,3492331,1489410,4186986
100130,6100,6390,335273,11366665,2383949,3492331,1489410,4186986
017040,3775,3865,5674454,5124897,13681949,22222240,5092701,59671139
276040,14000,14500,157975,102450,59024,340315,92532,2487618
033180,2030,2075,959708,516173,461062,456111,366269,3092847
038010,7760,8240,139870,142550,498178,727027,203667,1015128
198440,4000,4075,285327,5292507,723781,2662862,2299260,9402735
094360,19450,20250,99371,60767,91333,45594,71521,673029
037950,1320,1370,299122,322442,149133,357514,169041,10949870
037950,1400,1385,322442,149133,357514,169041,10949870,5230337
035810,4870,5030,1984596,973511,1133188,982830,20366798,11552093
002710,12300,12450,122229,962114,640360,601794,1853191,1441175
002710,12250,12550,962114,640360,601794,1853191,1441175,3089003
900340,1655,1700,1137063,14481256,2709258,12078810,3433632,16644758
094170,6460,6790,173937,182754,174588,339040,607691,1281690
099430,6632,6719,2263978,2774938,1105938,1967708,741546,2065747
017960,13650,13900,497541,541032,458246,1682906,2297700,2114019
034020,16050,16850,4332508,6564565,6005704,3711977,5566173,16726876
099430,6694,6794,1105938,1967708,741546,2065747,1506700,994589
017960,13700,13900,458246,1682906,2297700,2114019,845894,727668
090710,3070,3120,22745798,29003662,24349646,29616429,18206302,40123170
100660,8790,8820,30848797,6204278,5608363,3338094,2790181,7453041
001570,5250,5350,670281,801198,1745600,13856813,4776779,4286568
049720,10800,11050,684021,11372081,5793653,1605329,3607983,1784445
002680,2680,2755,4215054,7541435,4992750,2719034,2122696,6240032
005850,30750,30700,165812,89690,365677,216764,322666,346762
101170,10450,11100,6668782,3822806,3504584,8668938,3021240,11870526
005850,31400,31750,89690,365677,216764,322666,346762,251367
065440,2155,2300,953537,1032295,776068,1461633,966503,35809127
002360,972,986,3302562,3493702,3273645,2453006,1923109,4772649
065440,2570,2630,1032295,776068,1461633,966503,35809127,13107749
357550,16950,17900,17558,31152,735113,151550,125606,326201
412350,13200,13700,5308688,4823347,1275409,2724125,1418289,2420308
128820,5180,5350,670056,404313,665991,473584,376551,1816227
249420,31300,31800,686698,414320,600433,648660,1347318,2772879
054090,3335,3400,3409044,1976314,2561169,2934773,2145079,11116017
008040,1520,1610,3818175,3409759,3816341,2811562,2827011,16818401
249420,30900,32200,600433,648660,1347318,2772879,2695872,3431679
247660,33900,35700,117093,387322,422875,1774103,405134,1334129
041440,9900,10200,3854451,2715594,13446373,13196952,6331240,7286607
206650,15750,16400,152779,318756,181848,235982,251869,824523
041440,9650,9620,2715594,13446373,13196952,6331240,7286607,2618179
205470,18500,19200,12273736,4443994,4331164,7210252,5033943,13907178
389030,3970,4103,1827092,3005067,1257550,993772,797916,3075902
044960,6170,6320,42236,16857,24120,56061,31238,5127194
066410,2055,2105,16054462,5962932,25435375,4660591,6964032,95637712
044960,6130,6370,16857,24120,56061,31238,5127194,2902005
058860,2575,2630,66513,77585,67050,98114,110363,4332144
015860,6460,6580,1289267,1162129,801488,1142901,957375,8531320
086980,5350,5450,652258,4204858,792463,3611858,2526717,6535345
065510,11350,11650,67200,53797,175234,69093,108201,514553
095340,32600,33900,164636,163249,135230,256232,238635,548277
126700,14600,15100,55610,90416,74454,43230,59162,316223
204020,3195,3245,19730,39524,48628,28558,252134,2702003
250000,11900,12300,36492,79652,51553,101901,39595,767683
053610,22250,23000,33892,16749,15531,34050,20796,272045
382900,29700,31650,238949,249641,463126,203552,133270,1003410
101160,18550,19150,79036,122571,145480,151017,90471,309593
032680,1880,2070,248132,409680,499149,1238041,1703769,11315867
049830,13600,13900,730313,174947,473165,246987,182170,4871754
030200,37400,37300,920147,610638,542890,1138222,817378,637354
376180,7123,7491,4211550,18481536,3723886,2664672,1374633,3409058
053690,11650,11850,184151,1187650,217963,221045,133495,509395
061970,8500,8900,97913,143910,95606,106633,111595,3625915
117580,10800,11250,817561,784156,458466,273929,222681,1224027
049480,2990,3055,525444,320858,254918,141120,372814,7276630
083310,12300,12650,104712,85967,66649,53933,38033,265154
090710,2910,2980,51295427,11960147,5814238,4837348,4525139,14378771
190510,9590,9710,86468,78120,82991,47816,37118,265708
033240,25600,26600,157652,110505,78620,262882,269271,744795
039440,16750,17150,128810,162952,72572,171428,128875,260868
047810,57000,57200,2515827,1261695,1265664,1731389,2693788,2086472
095720,2545,2650,52374,36809,234721,58895,141950,1404113
388720,24400,25000,341512,1142297,893186,810669,2665188,10858395
059270,7350,7440,57732,33483,56829,124290,743011,6554415
063440,2335,2350,166917,222199,176806,242089,231303,1346115
063440,2335,2350,166917,222199,176806,242089,231303,1346115
063440,2335,2350,166917,222199,176806,242089,231303,1346115
063440,2335,2350,166917,222199,176806,242089,231303,1346115
087260,3380,3430,140592,206888,216698,222650,225516,1137811
289220,26500,27400,233413,190863,635851,208216,217149,2616664
087260,3475,3525,206888,216698,222650,225516,1137811,7073549
117580,11300,11750,402996,285576,225881,168101,137841,9617695
128820,5020,5370,214048,598791,256538,180585,192425,2190848
067000,5170,5280,1027444,590859,4499023,588842,503095,3977221
011370,1425,1480,148792,314932,348017,822329,220618,3907666
026890,8410,8650,294852,618975,430873,266301,195477,1840837
038620,1175,1210,305095,654768,399511,308189,899781,10646105
048530,11850,11950,352038,323677,313735,157855,191339,519437
011320,6680,6810,223432,205760,303315,227717,149683,2933326
399720,26900,27850,294343,699134,451861,266825,392649,1964071
000490,12150,12200,150009,144854,232285,122727,157182,542101
036170,1235,1255,825298,460342,223115,178412,107182,4639263
041440,8190,8280,491878,272639,394614,950542,285334,1422004
006620,7000,7130,49995,52424,400073,100870,68751,551731
128820,5180,5240,316584,264744,317649,421390,264492,1821597
000490,12500,12600,122727,157182,542101,759404,790377,1238216
377460,9900,9920,102579,638989,1598573,397709,339994,763155
317850,8420,8440,465875,201540,1469257,298432,246303,3176557
002680,2010,2045,329449,341161,4155222,2275877,1572732,32264737
008040,1445,1495,3892136,1876916,8559238,4368874,4273203,17399047
001020,1975,2000,1528085,1186094,718500,1478009,1021214,4109300
036460,42200,42850,427011,561035,367046,182595,453638,1060984
047400,3300,3375,22165716,4162657,4630096,10383489,3617870,6225779
012450,72400,73400,1157545,1434595,716173,861239,2106988,3025058
025860,10650,11150,434575,377701,3450030,1488288,1049991,2325778
136480,2965,3020,380594,706854,917431,800247,461561,4198419
332290,2530,2580,414866,4351951,1320609,670059,543601,7507636
046120,7640,7770,921730,748809,2280641,1251824,2624516,4672735
002680,2265,2465,32264737,7701320,2024873,1834430,1757493,10731840
005860,6760,7150,28813595,21935782,6790481,3267630,6773991,6739370
220260,10000,10150,595000,639824,3120286,1358748,652604,17481366
020180,1330,1355,1448110,1906528,674863,6786802,1683938,8413024
143540,1930,1985,885904,618046,7034866,2373850,2199092,18709054
299030,70000,71900,36234,995824,1027181,691073,257658,495470
047810,61000,60800,1282978,1611519,3530240,1574732,1630967,2011306
043590,2170,2195,399119,751991,803524,609169,1067106,1555985
299030,71300,72600,1027181,691073,257658,495470,270772,559878
084990,16300,16650,139946,121801,100367,174398,92847,292706
148930,16700,17100,528036,1013243,369400,782650,404728,874185
113810,1810,1850,3093929,1025310,1013971,1155942,2036836,4447986
066410,2605,2660,1973272,5095321,2724039,1749851,6607629,5635518
047810,62000,63100,1630967,2011306,1015219,1339081,1009012,2062739
340440,3540,3620,739377,763628,9900795,6264884,1415848,3091995
005110,1020,1040,6330369,6373846,2472587,2599342,1332212,6941831
396300,7080,7350,5769618,5780384,1111099,1533854,612302,3440799
340570,35200,36700,12057,95588,53045,42299,26591,219584
008420,3890,4110,165958,109577,253150,2797616,322002,3520510
094850,11100,11500,57396,52556,148563,76962,163647,598052
018470,2350,2400,4409085,4286919,2910981,2059495,15573257,34180107
081660,31600,31950,230538,190387,158862,332341,147798,605993
101490,22600,23100,167290,169964,112218,126571,117016,537634
299030,68900,72000,213395,142040,158197,193447,107030,1432384
005880,2210,2280,1755986,984975,717781,609214,429569,7444888
024740,3250,3370,517414,867963,10391381,1705138,1530861,6608405
123410,3945,4195,5206841,5935995,12443349,8131435,4422777,19550321
274090,13000,13500,298937,139626,103981,90643,99420,1076923
018470,2260,2345,34180107,17850222,5600613,6224434,5990938,12899386
115450,13222,13560,186068,276623,231785,417692,824223,584059
043260,1605,1660,1099402,594485,913207,3111516,1934989,8536531
368600,6270,6369,937185,507915,388622,616167,262100,1644645
018470,2300,2340,5600613,6224434,5990938,12899386,4855607,27009424
018470,2395,2400,6224434,5990938,12899386,4855607,27009424,13639206
018470,2320,2375,5990938,12899386,4855607,27009424,13639206,22753097
299030,65900,63500,687540,316605,285891,241658,182644,244550
018470,2430,2490,12899386,4855607,27009424,13639206,22753097,20053810
323410,20050,20400,3982222,3172907,3269289,3270904,3572107,2381731
016790,22500,23600,19013844,12919407,7948334,8576200,3759811,13802910
027710,2195,2285,15654955,4937698,4511105,2162625,4174017,6692536
059270,7960,8220,1764425,1826115,1660911,541210,999552,3475094
007330,17900,18600,10371062,8449809,1915453,3262138,1001248,4176722
006220,9870,10100,9454258,8258499,2715663,10368597,5206860,6177523
027710,2235,2285,4511105,2162625,4174017,6692536,2764096,21718715
005860,6830,7200,6865957,5993360,17280022,9940294,4645991,19777405
006220,9580,9770,2715663,10368597,5206860,6177523,4632073,5777031
020180,1310,1380,1378225,910418,1630406,2498301,2131448,8429910
084180,1605,1635,698306,267735,1384623,1080105,1516369,6465553
095500,14350,15100,5625587,5159668,2745635,3346154,5366395,11995803
084180,1605,1635,698306,267735,1384623,1080105,1516369,6465553
056090,1710,1810,6947719,2870236,2626615,4342197,2552154,6780164
323410,16550,17250,1281487,6342105,3147167,3511517,4515245,5452407
072770,1710,1800,137227,159817,387325,425936,434152,10566714
056090,1775,1790,2870236,2626615,4342197,2552154,6780164,3108586
018470,2350,2470,14844048,7057538,5350932,27065459,6095639,15049634
011200,19050,19450,2803625,2572376,3182619,2039220,1644104,1474066
095500,15900,16250,3346154,5366395,11995803,7175066,7304369,4775513
086790,39400,39550,1020850,1147985,1104184,781094,1112504,1337842
245620,2190,2240,3766275,9731054,2063367,3285574,4748881,27875345
006220,8950,9140,5329087,2262688,1643540,2073836,2809708,2266592
001470,1400,1430,2027556,1282638,3560058,1938805,1755894,21968599
005930,55900,57000,13641878,14820702,12660652,17107653,11456060,16944503
095500,15000,15250,7304369,4775513,4046729,2038378,1955563,1705515
001440,1480,1500,8753755,5756220,5172417,7591451,11823906,11764148
095500,15350,15500,4775513,4046729,2038378,1955563,1705515,1623341
084180,1650,1710,2457432,1758744,775008,3065008,1156264,7972701
084180,1650,1710,2457432,1758744,775008,3065008,1156264,7972701
032790,5700,5700,0,0,0,0,0,6227700
388050,8500,8670,15453914,20163203,12905950,7352049,21894497,7465414
082850,3405,3530,281314,722851,414911,288139,436149,6192393
268600,11950,12250,341021,321038,279255,564151,182972,863468
008350,2050,2095,2759181,6086449,8168906,2448983,2107422,16723702
011200,18600,18850,1214409,1031175,1376304,1283490,1912137,1841709
323410,15850,16150,2174318,1950396,2635020,1914446,3015918,3901609
063440,2215,2240,337170,281987,3080389,418041,388664,707924
063440,2215,2240,337170,281987,3080389,418041,388664,707924
063440,2215,2240,337170,281987,3080389,418041,388664,707924
063440,2215,2240,337170,281987,3080389,418041,388664,707924
035600,13000,13150,93948,106380,61434,115208,170405,423073
009520,7500,7630,2404214,1530007,2065573,2636636,2871957,12030175
198440,2705,2845,490135,614543,2142603,396480,662946,1981246
054210,12100,12550,248376,644007,324561,350570,366540,1340117
037950,868,933,147532,157814,32621151,4290792,1455150,6805006
222420,1840,1915,727248,567113,1007498,311240,284320,3908710
192250,1475,1545,212341,180111,157957,340770,559479,3565549
065440,2780,2870,1166931,1277309,918381,551552,1214797,21027308
040300,6440,6770,2321024,1203656,3043476,1734763,1680953,20406151
015750,5480,5700,1747958,1152243,2151967,3503994,2593689,9886511
391710,5570,5800,816926,15981741,2735772,1347297,1585768,4909114
054210,12000,12900,1340117,314553,423676,333569,475360,1223630
015750,5630,5910,3503994,2593689,9886511,7567606,3952103,49734999
099220,2085,2150,402746,516304,1240750,6929116,1848326,6240547
317850,15550,16250,8885566,6669946,3356263,4048795,1749554,12383860
115480,1200,1250,782881,531527,654673,577924,1306326,4470732
003310,2610,2645,853741,1866537,1657874,712705,1181218,50174096
069460,1625,1650,239273,193146,725870,667422,23011153,8738776
368970,7120,7260,150796,131621,1487639,203451,217259,2656225
066410,1350,1365,3441699,2945373,1971786,1603198,10712625,11912790
046390,2740,2775,346047,1442467,331845,3553701,2024861,13644915
001470,1530,1595,2865197,2748620,1794066,2488086,4810877,20006728
067310,10700,11000,1956626,870161,921449,721344,560561,1258812
008260,4450,4550,1321993,113282,78535,75695,135436,1066658
014160,1585,1640,134053,135742,563788,238222,357763,38316094
258830,3025,3115,1666751,1871174,2954208,1210624,3442536,8860111
321260,2555,2590,753795,389606,155591,152445,294775,7363999
299030,66800,67100,49220,61520,174855,75212,159747,266890
013000,1885,1915,2701102,24703429,8666809,2029307,1247977,37956788
046120,5020,5390,171884,904090,304531,197781,254356,4535388
005160,4575,4675,471608,305010,422228,417026,1067786,2939131
020560,11700,12200,259391,169746,156196,113811,86704,4281217
019550,1220,1280,661132,4010855,2439457,1814289,4921647,11538938
036120,3725,3820,682837,643502,615934,1188071,1938068,8850852
036930,12550,12950,630974,285504,495031,366548,452017,828644
006360,23400,24000,655299,547296,935433,966961,8608540,3529724
389260,26000,26450,181142,241790,111400,139486,147323,1230041
340930,21150,21450,439196,657714,230558,136687,240691,1793259
073560,1830,1850,245722,195052,122295,402170,277849,2305279
208140,2240,2315,52985,69132,97671,115738,519148,12945809
009830,50300,51400,1283581,1042676,3411804,1528170,1065768,1053198
000100,55482,55865,59183,291021,155240,260341,110502,615253
257720,2330,2420,346916,754048,785000,2560340,5174621,44076921
020180,1305,1395,548823,706376,389760,374520,410395,65601191
050890,5510,5690,245721,180015,293329,341002,194035,5234119
032830,70600,71200,272734,358208,251639,145375,529864,871441
028670,5680,5720,1801215,4212153,2538317,1634590,3348384,6280793
394280,9230,9330,216479,1241832,1223827,3263662,1096531,1953134
018290,5460,5600,155384,114746,245963,122068,112677,1946974
394280,9300,9590,1241832,1223827,3263662,1096531,1953134,4346458
034020,16050,16300,2622275,2371499,4343309,2354866,2525210,5146930
105840,9010,9290,378049,308324,203026,165683,574944,1702991
067310,10300,10650,332473,342080,538728,279403,353220,1102588
278650,5760,5860,5330868,30583837,7188798,4151062,2578766,14729285
044060,1365,1400,15585320,9327291,3002881,5465439,4199456,19556227
249420,39950,40800,1255136,754188,2026976,1441178,1224273,9089863
278650,5970,6250,4151062,2578766,14729285,4821799,8577677,5438940
293490,44300,44000,359385,516320,439182,400519,452097,834550
293490,44300,44000,359385,516320,439182,400519,452097,834550
278650,5970,6250,4151062,2578766,14729285,4821799,8577677,5438940
258830,3260,3355,30417963,4416004,23006472,12623428,3833251,24697687
362320,11100,11250,2139089,1793282,3051459,2319653,3134760,3945620
258830,3260,3355,30417963,4416004,23006472,12623428,3833251,24697687
362320,11100,11250,2139089,1793282,3051459,2319653,3134760,3945620
278650,5840,6080,4821799,8577677,5438940,4064396,2372558,5816371
028670,5800,5920,2768722,4390088,2948409,2945356,2226069,8874533
278650,5840,6080,4821799,8577677,5438940,4064396,2372558,5816371
028670,5800,5920,2768722,4390088,2948409,2945356,2226069,8874533
089590,13900,14150,894969,637033,688063,1394557,1025271,1087081
089590,13900,14150,894969,637033,688063,1394557,1025271,1087081
089590,13950,14250,637033,688063,1394557,1025271,1087081,2131405
089590,13950,14250,637033,688063,1394557,1025271,1087081,2131405
094170,10600,10850,130623,285344,842165,965730,229297,1017372
094170,10600,10850,130623,285344,842165,965730,229297,1017372
047810,50900,51500,621706,1103557,1311887,953886,815849,1134665
270660,14400,15100,64230,79302,63826,83993,106574,2376834
058630,7710,7950,254746,249349,3164018,979124,1247797,3179033
001570,24950,25300,2365630,1561996,1972335,10132067,3085200,1985675
004770,2555,2630,560851,277458,439722,455260,251411,1898474
018250,20200,20550,134021,113968,84701,212364,202223,352760
257720,2510,2550,1995209,2707944,3703133,2305199,2486569,4242127
049080,1465,1530,959220,1602296,667018,1472951,856402,11339151
196700,3370,3440,606091,492165,805225,622707,487853,12647089
007660,5990,6060,351406,1006781,779382,457306,304654,2018623
089590,14700,14950,313764,678179,804965,501984,997238,709615
067000,4745,4820,5213676,6492985,3705426,1052043,960235,10735956
034020,17150,17400,5007477,6079252,3744965,7585935,5199400,8834739
044060,1290,1320,1395254,23174990,3147618,3865593,3645676,7578374
322780,3000,3085,1106406,479431,321471,715416,865486,2987878
900310,1310,1330,3835652,15666827,2302164,3136480,7841239,42734992
037270,4945,4995,491672,553834,523932,437466,358723,1422775
033240,24200,24750,226729,143983,255363,132108,127838,456927
204610,1840,1870,5151412,4161285,5433844,8364660,2166373,5576990
225570,13350,13890,370181,273158,304264,239411,213425,5577153
281740,5180,5260,753334,527863,340473,290821,626451,11578118
204620,3245,3280,339366,1540728,346612,2392477,354597,2852328
025320,2795,2840,465490,252777,337959,453543,497353,7233910
101730,11110,11400,383772,217301,564502,370669,409003,1318226
112040,37500,38250,676707,425467,715756,455722,552311,1366693
382840,18280,19390,84205,68579,123904,117043,145643,1323892
049480,3220,3280,9668849,6418084,2127904,4129695,2392903,6556918
013360,2640,2700,196895,200226,978511,852637,1204040,3197820
171090,21000,22050,409859,251387,235463,168614,744548,1762833
040160,5890,6150,378487,264823,329709,174303,187972,3763972
151860,11770,11910,327128,733173,709840,727982,854890,7444140
